id,product_id,platform,keyword,title,price,original_price,shop_name,brand,model,url,image_url,comment_count,good_count,general_count,poor_count,good_rate,general_rate,poor_rate,sales_text,created_at,updated_at
981,10135862073533,jd,电火灶 双灶,西屋（Westinghouse）2026新款 凹面嵌入式电磁炉双灶 家用电陶炉 5500W大功率猛火爆炒 电灶家用灶台 不挑锅具 【左凹右平】5500W超大火力,2599.0,3358.0,品牌超级店西屋中式厨电旗舰店,西屋,,https://item.jd.com/10135862073533.html,https://img13.360buyimg.com/n2/s480x480_jfs/t1/457605/18/6136/135656/6a324f05F0a087ea1/0083320320b6015d.jpg.avif,0,0,0,0,0.0,0.0,0.0,,2026-07-10 16:20:57,2026-07-10 16:21:09
985,11542867739,jd,电火灶 双灶,富得莱2026新款 电磁炉双灶嵌入式 大功率3500w家用电陶炉凹面 猛火爆炒 双头电灶台套装 一凹一平 一电一陶/德国EGO炉芯,1495.0,1959.0,富得莱官方旗舰店,富得莱,,https://item.jd.com/11542867739.html,https://img14.360buyimg.com/n2/s480x480_jfs/t1/344182/26/26693/105397/6912ee52F062fb0c2/129db9e70a743df8.jpg.avif,0,0,0,0,0.0,0.0,0.0,|600+店铺会员浏览,2026-07-10 16:20:57,2026-07-10 16:21:09
883,10183954499290,jd,电火灶 双灶,华火电生明火双灶家用3.5kW防风电火灶具台式嵌入式钢化玻璃灶台电陶炉电火灶家用安全环保节能电焰灶 电生明火HH-SZQP60 P60 华火,4399.0,0.0,,华火,,https://item.jd.com/10183954499290.html,https://img10.360buyimg.com/n2/s480x480_jfs/t1/349788/12/18805/255419/69018e07F5129f3bf/d6f394390127cd7f.jpg.avif,0,0,0,0,0.0,0.0,0.0,,2026-07-10 16:20:44,2026-07-10 16:21:09
887,100116803653,jd,电火灶 双灶,美的（Midea）电磁炉电陶炉双灶3500W一电一陶不挑锅具DZ35CT15P,1283.0,1776.0,美的京东自营旗舰店,美的,,https://item.jd.com/100116803653.html,https://img13.360buyimg.com/n2/s480x480_jfs/t1/478399/40/2883/139229/6a4e6883Ffb71e926/0083320320fed312.jpg.avif,0,0,0,0,0.0,0.0,0.0,,2026-07-10 16:20:44,2026-07-10 16:21:09
891,100185779731,jd,电火灶 双灶,美的【电磁双灶】防刮易洁3300W大功率插电式电磁炉MC-ZHE3317,1234.0,1299.0,美的（Midea）生活电器京东自营旗舰店,美的,,https://item.jd.com/100185779731.html,https://img11.360buyimg.com/n2/s480x480_jfs/t1/480276/34/551/221040/6a4f73dbFcbc64393/00833203200ab27d.jpg.avif,0,0,0,0,0.0,0.0,0.0,,2026-07-10 16:20:44,2026-07-10 16:21:09
894,100138526088,jd,电火灶 双灶,硕高电磁炉嵌入式双灶磁吸旋钮 电灶家用大功率3500W一平一凹双电磁灶二级能效 一体大面板灶台OG005,1784.0,2099.0,硕高（SUKIO）京东自营旗舰店,硕高,,https://item.jd.com/100138526088.html,https://img13.360buyimg.com/n2/s480x480_jfs/t1/479661/3/389/108647/6a4f071dFc8a3f755/0083320320842ac0.jpg.avif,0,0,0,0,0.0,0.0,0.0,,2026-07-10 16:20:44,2026-07-10 16:21:09
896,100101056158,jd,电火灶 双灶,美的（Midea）电磁炉电陶炉组合凹面双灶3500W恒温匀火不挑锅具,2658.0,3292.0,美的京东自营旗舰店,美的,,https://item.jd.com/100101056158.html,https://img13.360buyimg.com/n2/s480x480_jfs/t1/476030/12/7439/176878/6a4e685aFe89a84dc/0083320320cf1694.jpg.avif,0,0,0,0,0.0,0.0,0.0,,2026-07-10 16:20:44,2026-07-10 16:21:09
899,10223839332295,jd,电火灶 双灶,华火电火灶2026新款纯电明火灶家用6KW双灶嵌入式支持定时关火大火力厨房灶具 U10Pro尊贵黑【台嵌两用】,5069.0,6069.0,,华火,,https://item.jd.com/10223839332295.html,https://img10.360buyimg.com/n2/s480x480_jfs/t1/440314/26/12964/192785/6a18f347Fe71ee938/00833203201333a6.jpg.avif,0,0,0,0,0.0,0.0,0.0,,2026-07-10 16:20:44,2026-07-10 16:21:09
902,10212131066360,jd,电火灶 双灶,华火电火灶纯电明火灶双灶等离子猛火灶家用公寓炒菜双明火灶燃气灶煤气灶电磁炉替代灶 带智能显示+熄火保护 纯电明火双灶3000w+3000w,4980.0,0.0,华火高端厨电旗舰店,华火,,https://item.jd.com/10212131066360.html,https://img10.360buyimg.com/n2/s480x480_jfs/t1/398366/14/13042/164964/69a9514bFfd29728d/00833203203cc73d.jpg.avif,0,0,0,0,0.0,0.0,0.0,|4千+人浏览,2026-07-10 16:20:44,2026-07-10 16:21:09
911,10129126519035,jd,电火灶 双灶,国爱电火灶电生明火家用大功率电陶炉一体灶双灶组合安全台嵌式电燃灶 黑色,3245.0,3320.0,,国爱,,https://item.jd.com/10129126519035.html,https://img10.360buyimg.com/n2/s480x480_jfs/t1/384592/35/7131/97638/695d27b2Fe4cc8851/2ffe5226c063fe3a.jpg.avif,58,0,0,0,0.0,0.0,0.0,58条评价300+人种草,2026-07-10 16:20:44,2026-07-10 16:21:09
912,10210160328602,jd,电火灶 双灶,华火电火灶2026新款电火灶U8双灶3500W家用电焰灶新型电火灶组合灶 华火 组合灶U8-曜金彩,3480.0,3980.0,,华火,,https://item.jd.com/10210160328602.html,https://img12.360buyimg.com/n2/s480x480_jfs/t1/400251/22/8464/234335/69a8dd29Fda7d45b6/00835a05a0275a95.jpg.avif,0,0,0,0,0.0,0.0,0.0,,2026-07-10 16:20:44,2026-07-10 16:21:09
914,100070753156,jd,电火灶 双灶,美的（Midea）电磁双灶电磁炉电陶炉嵌入式家用大功率3500W,1283.0,1776.0,美的京东自营旗舰店,美的,,https://item.jd.com/100070753156.html,https://img11.360buyimg.com/n2/s480x480_jfs/t1/472217/35/13098/147231/6a4e6878F89693f1e/00833203209e10e3.jpg.avif,0,0,0,0,0.0,0.0,0.0,,2026-07-10 16:20:44,2026-07-10 16:21:09
915,100112728362,jd,电火灶 双灶,硕高电磁炉双灶家用大功率3500w电磁炉电陶炉不挑锅恒温匀火炒菜嵌入式电灶一电一陶SK-IHLS03-5,738.0,869.0,硕高（SUKIO）京东自营旗舰店,硕高,,https://item.jd.com/100112728362.html,https://img12.360buyimg.com/n2/s480x480_jfs/t1/472905/27/11573/134499/6a4f07efFbecfaec2/0083320320b8c741.jpg.avif,0,0,0,0,0.0,0.0,0.0,3千+店铺老客浏览,2026-07-10 16:20:44,2026-07-10 16:21:09
921,10066184429951,jd,电火灶 双灶,富得莱嵌入式电磁炉电陶炉双灶 3500w大功率凹面家用爆炒小尺寸电灶台 左凹右平*3500w+3500w双电磁炉,1189.0,1499.0,富得莱官方旗舰店,富得莱,,https://item.jd.com/10066184429951.html,https://img11.360buyimg.com/n2/s480x480_jfs/t1/390907/23/13762/107347/6982a89fF2ca3d868/008332032085bd2e.jpg.avif,0,0,0,0,0.0,0.0,0.0,,2026-07-10 16:20:44,2026-07-10 16:21:09
922,10224939973856,jd,电火灶 双灶,华火2026新款电火灶双灶套装 6KW 大功率台嵌两用电燃灶 厨房商民两用猛火双头炉 墨玉黑机身 6000W U10pro,5069.0,5869.0,,华火,,https://item.jd.com/10224939973856.html,https://img11.360buyimg.com/n2/s480x480_jfs/t1/440314/26/12964/192785/6a18f347Fe71ee938/00833203201333a6.jpg.avif,0,0,0,0,0.0,0.0,0.0,,2026-07-10 16:20:44,2026-07-10 16:21:09
923,10178931886929,jd,电火灶 双灶,東洋（TOYO）日本家用厨房气电两用灶一气一电灶气电一体燃气灶3500W电陶炉电磁炉大功率猛火5.2KW气电炉灶 一键爆炒定时【左气右陶】3500W电陶炉 天然气,1516.0,1897.0,东洋 TOYO高端厨电旗舰店,东洋,,https://item.jd.com/10178931886929.html,https://img14.360buyimg.com/n2/s480x480_jfs/t1/412835/39/5506/245864/69ccb4ddF2a0b7be2/00835dc5dc758af9.jpg.avif,0,0,0,0,0.0,0.0,0.0,200+人浏览,2026-07-10 16:20:44,2026-07-10 16:20:44
924,10189617730468,jd,电火灶 双灶,华火电焰灶组合电火灶纯电生明火灶家用公寓2200w炖汤3000w爆炒双组合灶 组合灶[电陶炉＋电火灶] 纯电生明火灶,3970.0,0.0,华火高端厨电旗舰店,华火,,https://item.jd.com/10189617730468.html,https://img13.360buyimg.com/n2/s480x480_jfs/t1/457386/12/1427/163319/6a2a8bb6F71440c19/0083320320afd96e.jpg.avif,0,0,0,0,0.0,0.0,0.0,,2026-07-10 16:20:44,2026-07-10 16:21:09
927,10035898514683,jd,电火灶 双灶,富得莱2026新款 嵌入式电磁炉 家用双灶 3500w大功率平面电陶炉电灶 猛火爆炒不挑锅具 左电右陶/换装免改孔,764.0,999.0,富得莱官方旗舰店,富得莱,,https://item.jd.com/10035898514683.html,https://img13.360buyimg.com/n2/s480x480_jfs/t1/349317/5/25929/87710/6912ee4aFa934077c/b15701ce74218e96.jpg.avif,0,0,0,0,0.0,0.0,0.0,|600+店铺会员浏览,2026-07-10 16:20:44,2026-07-10 16:21:09
928,10210910887820,jd,电火灶 双灶,华火电火灶电焰灶电陶炉组合灶电燃灶家用炖煮爆炒大火力温度高3500W 玄武黑3500W（全新升级台嵌两用） 3500W,3980.0,4380.0,华火旗舰店,华火,,https://item.jd.com/10210910887820.html,https://img10.360buyimg.com/n2/s480x480_jfs/t1/393753/1/9009/133216/698593e6F36c153b9/0083320320f1acaf.jpg.avif,0,0,0,0,0.0,0.0,0.0,,2026-07-10 16:20:44,2026-07-10 16:21:09
930,10219419288047,jd,电火灶 双灶,华火2026新款纯电生明火电火灶3000W大功率电燃灶无需燃气/煤气只用电家用电焰灶猛火U7pro 3000W电火灶U7pro,2497.0,2629.0,,华火,,https://item.jd.com/10219419288047.html,https://img12.360buyimg.com/n2/s480x480_jfs/t1/431750/32/12656/174374/6a0fbe00Fa41d388d/0083320320bc0080.jpg.avif,0,0,0,0,0.0,0.0,0.0,,2026-07-10 16:20:44,2026-07-10 16:21:09
870,10196535214970,jd,电火灶 家用,华火新能源插电出明火电火灶厨房猛火灶家用电燃灶户外电焰灶 电火灶dq20（黑色）,2875.0,3598.0,,华火,,https://item.jd.com/10196535214970.html,https://img10.360buyimg.com/n2/s480x480_jfs/t1/441796/12/1306/131067/6a14fbe1F9ebc0f27/00833e83e8eace97.jpg.avif,0,0,0,0,0.0,0.0,0.0,,2026-07-10 16:20:29,2026-07-10 16:20:29
723,10184000767056,jd,电火灶 家用,华火纯电火灶2026新款等离子电燃灶电陶炉电生明火2500w猛火灶家用公寓台嵌两用灶 纯电火灶-2500w(银枪灰-明火智能款),2880.0,0.0,华火高端厨电旗舰店,华火,,https://item.jd.com/10184000767056.html,https://img11.360buyimg.com/n2/s480x480_jfs/t1/286735/38/26053/73426/68c92092F47a4e867/5991a542972f5a76.jpg.avif,0,0,0,0,0.0,0.0,0.0,,2026-07-10 16:20:04,2026-07-10 16:20:29
733,10224940930967,jd,电火灶 家用,华火电火灶2026新款纯电明火灶家用6KW双灶嵌入式支持定时关火大火力厨房灶具 华火电火灶U8Pro,3860.0,4860.0,,华火,,https://item.jd.com/10224940930967.html,https://img12.360buyimg.com/n2/s480x480_jfs/t1/440358/20/13584/152966/6a18f87aFa78082a2/008332032091a273.jpg.avif,0,0,0,0,0.0,0.0,0.0,,2026-07-10 16:20:04,2026-07-10 16:21:09
734,10184000767053,jd,电火灶 家用,华火纯电火灶2026新款等离子电燃灶电陶炉电生明火2500w猛火灶家用公寓台嵌两用灶 纯电火灶-2500w(迷迭蓝-明火智能款),2880.0,0.0,华火高端厨电旗舰店,华火,,https://item.jd.com/10184000767053.html,https://img13.360buyimg.com/n2/s480x480_jfs/t1/343157/8/4064/74481/68c91da6Fcc08393d/0cca7b6ed1c741bc.jpg.avif,0,0,0,0,0.0,0.0,0.0,,2026-07-10 16:20:04,2026-07-10 16:20:29
737,10224940930968,jd,电火灶 家用,华火电火灶2026新款纯电明火灶家用6KW双灶嵌入式支持定时关火大火力厨房灶具 华火电火灶U9Pro,4860.0,5860.0,,华火,,https://item.jd.com/10224940930968.html,https://img13.360buyimg.com/n2/s480x480_jfs/t1/442875/40/8237/267246/6a1a6805F1ebdd499/00835a05a0b493a2.jpg.avif,0,0,0,0,0.0,0.0,0.0,,2026-07-10 16:20:04,2026-07-10 16:21:09
740,10212000914552,jd,电火灶 家用,华火电火灶电燃灶电焰灶电陶炉组合灶家用炖煮爆炒大火力温度高台嵌两用 墨玉黑（全新升级台嵌两用） 3500瓦,3980.0,4381.0,华火厨电旗舰店,华火,,https://item.jd.com/10212000914552.html,https://img12.360buyimg.com/n2/s480x480_jfs/t1/390323/7/15067/144726/6985825eFeb966d0c/00833203202e1994.jpg.avif,72,0,0,0,100.0,0.0,0.0,72条评价100%好评,2026-07-10 16:20:04,2026-07-10 16:21:09
743,10210160328600,jd,电火灶 家用,华火电火灶2026新款电火灶U8双灶3500W家用电焰灶新型电火灶组合灶 华火 组合灶U8-墨玉黑,3480.0,3980.0,,华火,,https://item.jd.com/10210160328600.html,https://img10.360buyimg.com/n2/s480x480_jfs/t1/400251/22/8464/234335/69a8dd29Fda7d45b6/00835a05a0275a95.jpg.avif,0,0,0,0,0.0,0.0,0.0,,2026-07-10 16:20:04,2026-07-10 16:21:09
744,10103269791914,jd,电火灶 家用,华火电燃灶电生明火电火灶电焰灶家用煤气燃气灶天然气灶液化气灶台嵌两用2500W单灶 粉红色,2880.0,0.0,华火旗舰店,华火,,https://item.jd.com/10103269791914.html,https://img14.360buyimg.com/n2/s480x480_jfs/t1/181795/9/48927/33028/66f76b94F370af94c/34fa9a76a94518b1.jpg.avif,0,0,0,0,0.0,0.0,0.0,,2026-07-10 16:20:04,2026-07-10 16:20:29
746,10222590548114,jd,电火灶 家用,华火电火灶双灶26年新款双火焰头等离子猛火灶电燃灶电焰灶正品代替煤气灶燃气灶电磁炉家用明火炒菜 u10pro-新升级双灶-带定时6000w 品质保障-送货上门,5557.0,5850.0,华火高端厨电旗舰店,华火,,https://item.jd.com/10222590548114.html,https://img14.360buyimg.com/n2/s480x480_jfs/t1/435330/2/9596/355904/6a0bdc20Fc43858ee/00835dc5dcc5cee9.jpg.avif,0,0,0,0,0.0,0.0,0.0,,2026-07-10 16:20:04,2026-07-10 16:21:09
750,10209634244937,jd,电火灶 家用,TINME德国双灶电磁炉3500W嵌入式一平一凹家用猛火大功率多功能双头灶台式电磁灶商用厨房电陶炉 【3500W大火力】嵌入式/左平电陶+右凹电磁 单炉+炒锅+汤锅【套装】,2799.0,0.0,品牌超级店TINME环境电器旗舰店,TINME,,https://item.jd.com/10209634244937.html,https://img12.360buyimg.com/n2/s480x480_jfs/t1/298907/16/956/94782/680f2163F9552083f/038e6e125a499bd5.jpg.avif,0,0,0,0,0.0,0.0,0.0,,2026-07-10 16:20:04,2026-07-10 16:21:09
754,10164101197943,jd,电火灶 家用,方太（FOTILE）灶具DA10【全新智能烹饪灶】气电双灶家用厨房燃气灶具5.2kW黑色白色嵌入一电一气煤气灶 官方旗舰 DA10-W白色【天然气5.2Kw】（送微压锅）,3945.0,5227.0,700+厨卫达人加购|2千+人加购|官方旗舰,方太,,https://item.jd.com/10164101197943.html,https://img13.360buyimg.com/n2/s480x480_jfs/t1/471056/9/12656/169998/6a4cf162F78d88629/0083320320facb4a.jpg.avif,0,0,0,0,0.0,0.0,0.0,,2026-07-10 16:20:04,2026-07-10 16:21:09
755,10183942708577,jd,电火灶 家用,华火电焰2025新型电火灶插电生明火3000W纯电燃灶新能源台式具家用公寓明火大功率等离不用煤气只用电 HH-MiniX1 极光白 华火,2380.0,0.0,,华火,,https://item.jd.com/10183942708577.html,https://img12.360buyimg.com/n2/s480x480_jfs/t1/333540/20/13886/71668/68c8d57aFb75af731/0cce37b29d37983e.png.avif,0,0,0,0,0.0,0.0,0.0,,2026-07-10 16:20:04,2026-07-10 16:20:29
756,10218807198848,jd,电火灶 家用,华火新能源电火灶2026新款台嵌两用双明火新型电火灶家用电焰灶电燃灶智慧屏显 双区定时6000W大功率 台嵌式组合灶 HH-U8Pro,3980.0,0.0,,华火,,https://item.jd.com/10218807198848.html,https://img13.360buyimg.com/n2/s480x480_jfs/t1/450201/38/13905/142453/6a325a45F476295ab/008340d40ddc4250.jpg.avif,0,0,0,0,0.0,0.0,0.0,,2026-07-10 16:20:04,2026-07-10 16:21:09
666,100044374718,jd,电火灶 商用,德玛仕（DEMASHI）大锅灶商用 大功率电磁炉大锅灶大炒锅电磁灶电灶台 60cm锅径12kW单头大锅灶MC-DC12C-06,2999.0,0.0,德玛仕工程京东自营旗舰店,德玛仕,,https://item.jd.com/100044374718.html,https://img13.360buyimg.com/n2/s480x480_jfs/t1/397964/27/3765/90545/699d4c54Ffb149f37/008332032003bf3c.jpg.avif,0,0,0,0,0.0,0.0,0.0,,2026-07-10 16:19:49,2026-07-10 16:19:49
534,10184348436524,jd,电火灶 商用,华火电火灶电燃灶电陶炉纯电火灶3000w明火灶家用商用猛火灶等离子新技术灶电生明火灶 曜影黑-1300度等离子明火（3000w）售后无忧 三档调节-1300度明火,2329.0,0.0,华火高端厨电旗舰店,华火,,https://item.jd.com/10184348436524.html,https://img14.360buyimg.com/n2/s480x480_jfs/t1/243387/38/35747/56755/68f347f3F0278100a/c04ec9b103292a43.jpg.avif,0,0,0,0,0.0,0.0,0.0,|1千+厨卫达人浏览,2026-07-10 16:19:24,2026-07-10 16:19:49
535,10211195973374,jd,电火灶 商用,华火电火灶双灶6KW大功率电燃灶酒店餐厅厨房商用猛火双头炉灶新台式 至尊黑台式（220V/>4平方线） 6000W,4980.0,5380.0,华火厨电旗舰店,华火,,https://item.jd.com/10211195973374.html,https://img14.360buyimg.com/n2/s480x480_jfs/t1/395771/9/5482/161731/698d68f7Fd90e170f/008332032046bed3.jpg.avif,0,0,0,0,0.0,0.0,0.0,,2026-07-10 16:19:24,2026-07-10 16:21:09
538,10171797728753,jd,电火灶 商用,志高电磁灶商用电磁炉饭店专用电灶台大功率30KW商用电磁大锅灶食堂后厨电炒炉新型电火灶 大锅直径80cm 380v 真功率20KW,1998.0,2298.0,志高美味厨房旗舰店,志高,,https://item.jd.com/10171797728753.html,https://img13.360buyimg.com/n2/s480x480_jfs/t1/416667/39/21438/179429/69e232b6F402bbd43/0083320320f44ae5.jpg.avif,0,0,0,0,0.0,0.0,0.0,,2026-07-10 16:19:24,2026-07-10 16:19:49
539,100003092338,jd,电火灶 商用,德玛仕 商用电磁炉5000w功率 凹面爆炒 可炒30人菜量 IH-TC-5000N,1099.0,0.0,德玛仕京东自营旗舰店,德玛仕,,https://item.jd.com/100003092338.html,https://img13.360buyimg.com/n2/s480x480_jfs/t1/458893/18/11275/173291/6a3b3297Fdf2f071c/0083320320aca379.jpg.avif,0,0,0,0,0.0,0.0,0.0,,2026-07-10 16:19:24,2026-07-10 16:19:49
540,10171832128985,jd,电火灶 商用,志高商用电磁炉大功率商用电磁炉灶后厨新型电火灶饭店专用商用电炒锅凹面小炒炉酒店电炒灶 380V 单炒单尾 灶头40cm 功率15KW,2099.0,2399.0,志高美味厨房旗舰店,志高,,https://item.jd.com/10171832128985.html,https://img10.360buyimg.com/n2/s480x480_jfs/t1/292260/27/25636/145781/68995f8cF37d0b2d1/7e1d05edd1c486e3.jpg.avif,0,0,0,0,0.0,0.0,0.0,,2026-07-10 16:19:24,2026-07-10 16:19:49
541,10118219201166,jd,电火灶 商用,Jiudian九电商用电磁灶双头小炒灶饭店大型酒店快餐厅食堂九电大功率电磁炉 双炒400晶板150*90支架款 15000W,2720.0,3320.0,Jiudian九电旗舰店,九电,,https://item.jd.com/10118219201166.html,https://img11.360buyimg.com/n2/s480x480_jfs/t1/102700/24/50514/79473/66f2d7e5Fbe0168a0/94f2132b6ce4dc7a.jpg.avif,0,0,0,0,0.0,0.0,0.0,,2026-07-10 16:19:24,2026-07-10 16:19:49
543,10171797728752,jd,电火灶 商用,志高电磁灶商用电磁炉饭店专用电灶台大功率30KW商用电磁大锅灶食堂后厨电炒炉新型电火灶 大锅直径70cm 380v 真功率15KW,1958.0,2258.0,志高美味厨房旗舰店,志高,,https://item.jd.com/10171797728752.html,https://img12.360buyimg.com/n2/s480x480_jfs/t1/420459/33/10346/178978/69e232b7F8b8f5212/0083320320efc9ca.jpg.avif,0,0,0,0,0.0,0.0,0.0,,2026-07-10 16:19:24,2026-07-10 16:19:49
545,10048425834829,jd,电火灶 商用,微致商用电磁炉大功率15kw平面煮汤炉8000W猛火电磁灶卤味卤肉双头矮脚低汤炉食堂电灶台商业大锅灶 卤煮款:15kw380v单头高汤炉,2100.0,2300.0,微致旗舰店,微致,,https://item.jd.com/10048425834829.html,https://img14.360buyimg.com/n2/s480x480_jfs/t1/289741/23/24655/125685/68877351Ff6364acc/3192596f14942f59.jpg.avif,0,0,0,0,0.0,0.0,0.0,,2026-07-10 16:19:24,2026-07-10 16:19:49
546,10228822075447,jd,电火灶 商用,华火电火灶电燃灶电陶炉纯电火灶3000w明火灶家用商用猛火灶等离子新技术灶电生明火灶 2026新款u7pro-智慧显示+安全保护 三档调节-1300度明火,2480.0,0.0,华火高端厨电旗舰店,华火,,https://item.jd.com/10228822075447.html,https://img12.360buyimg.com/n2/s480x480_jfs/t1/473773/25/11049/84110/6a4dc61aFe8176e5d/0083320320f960d6.jpg.avif,0,0,0,0,0.0,0.0,0.0,,2026-07-10 16:19:24,2026-07-10 16:19:49
547,10151906309976,jd,电火灶 商用,荣事达（Royalstar）台式双灶电磁炉3500w商用饭店大功率4500W家用电磁灶双头平面+凹面两用嵌入式双炉 【左平右凹】3500W+3500W台式不锈钢,798.0,978.0,荣事达商用厨电旗舰店,荣事达,,https://item.jd.com/10151906309976.html,https://img11.360buyimg.com/n2/s480x480_jfs/t1/416417/19/15407/260618/69def190F82e961df/00833203204449e7.jpg.avif,0,0,0,0,0.0,0.0,0.0,,2026-07-10 16:19:24,2026-07-10 16:19:49
548,10215920043326,jd,电火灶 商用,华火纯电生明火电火灶+电陶炉双灶3500W大功率商用家用燃火灶可台可嵌入U8pro 电陶炉+电火灶组合双灶,3978.0,4188.0,,华火,,https://item.jd.com/10215920043326.html,https://img11.360buyimg.com/n2/s480x480_jfs/t1/443539/10/7403/768036/6a1a89e9F6cbb422c/00835a05a0db35d6.png.avif,0,0,0,0,0.0,0.0,0.0,,2026-07-10 16:19:24,2026-07-10 16:21:09
549,10114122967993,jd,电火灶 商用,先科商用大锅灶电磁炉凹面大功率大型猛火电炉灶食堂炒菜酒店学校厨房爆炒电炒锅双头灶台落地 大锅直径80cm-55升【380V-20KW】,1602.0,1802.0,先科商用电器旗舰店,先科,,https://item.jd.com/10114122967993.html,https://img13.360buyimg.com/n2/s480x480_jfs/t1/470577/24/3917/128153/6a44d3daFefd037c2/00833203200ed19b.jpg.avif,0,0,0,0,0.0,0.0,0.0,|50W+人浏览,2026-07-10 16:19:24,2026-07-10 16:19:49
550,10184678160033,jd,电火灶 商用,华火纯电火灶电磁炉电生明火灶电燃灶燃气灶升级款等离子直喷2500w明火家用商用灶 高雅蓝-1200度三档调节（智能明火款）,2880.0,0.0,华火高端厨电旗舰店,华火,,https://item.jd.com/10184678160033.html,https://img13.360buyimg.com/n2/s480x480_jfs/t1/348741/12/4235/85263/68cbcb50F2ec5dc2f/16399c24b96419ba.jpg.avif,0,0,0,0,0.0,0.0,0.0,400+人浏览,2026-07-10 16:19:24,2026-07-10 16:19:24
551,10217456225880,jd,电火灶 商用,华火新款纯电生明火电火灶双灶6000W大功率家用商用电焰灶无需燃气煤气U10pro 双灶电火灶-送锅【电线需4平方以上专线】,5177.0,5450.0,,华火,,https://item.jd.com/10217456225880.html,https://img10.360buyimg.com/n2/s480x480_jfs/t1/446281/4/17399/287461/6a33c83fF0114b5a3/00835a05a09ebc5a.jpg.avif,0,0,0,0,0.0,0.0,0.0,,2026-07-10 16:19:24,2026-07-10 16:19:49
553,10118219201161,jd,电火灶 商用,Jiudian九电商用电磁灶双头小炒灶饭店大型酒店快餐厅食堂九电大功率电磁炉 单炒400晶板100*90支架款 15000W,1498.0,2098.0,Jiudian九电旗舰店,九电,,https://item.jd.com/10118219201161.html,https://img11.360buyimg.com/n2/s480x480_jfs/t1/94248/17/51646/69424/66f2d7e3Faa9d5560/484e0173f91189b4.jpg.avif,0,0,0,0,0.0,0.0,0.0,,2026-07-10 16:19:24,2026-07-10 16:19:49
554,10209634244936,jd,电火灶 商用,TINME德国双灶电磁炉3500W嵌入式一平一凹家用猛火大功率多功能双头灶台式电磁灶商用厨房电陶炉 【3500W大火力】嵌入式/左平电陶+右凹电磁 单炉【5年质保+包安装】,2499.0,0.0,品牌超级店TINME环境电器旗舰店,TINME,,https://item.jd.com/10209634244936.html,https://img11.360buyimg.com/n2/s480x480_jfs/t1/298907/16/956/94782/680f2163F9552083f/038e6e125a499bd5.jpg.avif,0,0,0,0,0.0,0.0,0.0,|2千+人浏览,2026-07-10 16:19:24,2026-07-10 16:21:09
557,10207564171155,jd,电火灶 商用,先科电陶炉 5000W大功率6000W商用3500W家用平面不挑锅具猛火爆炒光波炉卤肉熬汤新款台式灶 5000W平面不挑锅【磁控温】220V,959.0,979.0,先科（XIANKE）旗舰店,先科,,https://item.jd.com/10207564171155.html,https://img10.360buyimg.com/n2/s480x480_jfs/t1/378278/17/13867/115679/695254f4F838be70c/c08480c682d80b3f.jpg.avif,0,0,0,0,0.0,0.0,0.0,,2026-07-10 16:19:24,2026-07-10 16:19:49
561,10103268426924,jd,电火灶 商用,华火电燃灶电火灶电焰灶喷火灶猛火灶插电生火无需燃料新能源2500W灶具 铁灰色,2880.0,0.0,华火旗舰店,华火,,https://item.jd.com/10103268426924.html,https://img14.360buyimg.com/n2/s480x480_jfs/t1/95891/1/47641/30697/66fa044cF22887423/90ab27613112ff40.jpg.avif,0,0,0,0,0.0,0.0,0.0,400+厨卫达人浏览,2026-07-10 16:19:24,2026-07-10 16:19:49
562,10097557360372,jd,电火灶 商用,欢度商用电磁炉柜式8000W凹面大功率电灶台食堂电磁灶饭店单头猛火炉 豪华柜式炒炉8KW380V配50CM铁锅,1220.0,0.0,欢度商用电器旗舰店,欢度,,https://item.jd.com/10097557360372.html,https://img12.360buyimg.com/n2/s480x480_jfs/t1/241089/20/4884/93257/65e84531F27a5ca1a/514c7d192bd01129.jpg.avif,0,0,0,0,0.0,0.0,0.0,,2026-07-10 16:19:24,2026-07-10 16:19:49
563,10191743401275,jd,电火灶 商用,华火5000W电火灶家商两用可嵌入明火灶电焰灶电然灶公寓外卖餐饮商用灶等离子灶具 纯电火灶-5000w明火,5577.0,0.0,华火高端厨电旗舰店,华火,,https://item.jd.com/10191743401275.html,https://img10.360buyimg.com/n2/s480x480_jfs/t1/345938/32/13139/39544/68f095feF6c05d4f6/663f67530e47e702.jpg.avif,0,0,0,0,0.0,0.0,0.0,,2026-07-10 16:19:24,2026-07-10 16:19:49
564,10183563141194,jd,电火灶 商用,华火新能源科技 电火焰灶 3500瓦大火力 台嵌两用 防爆玻璃面板 插电出明火 可视显示屏 实时定时 u8por-365天只换不修,4373.0,5176.0,,华火,,https://item.jd.com/10183563141194.html,https://img14.360buyimg.com/n2/s480x480_jfs/t1/474755/27/7382/309226/6a4c55ffF00b5cbd8/00835a05a0053514.jpg.avif,0,0,0,0,0.0,0.0,0.0,,2026-07-10 16:19:24,2026-07-10 16:19:49
566,10114122968001,jd,电火灶 商用,先科商用大锅灶电磁炉凹面大功率大型猛火电炉灶食堂炒菜酒店学校厨房爆炒电炒锅双头灶台落地 大锅直径1.2米-108升【380V-35KW】,4460.0,4660.0,先科商用电器旗舰店,先科,,https://item.jd.com/10114122968001.html,https://img11.360buyimg.com/n2/s480x480_jfs/t1/471619/24/2181/128557/6a44d3dfFcb484585/0083320320b04a26.jpg.avif,0,0,0,0,0.0,0.0,0.0,|50W+人浏览,2026-07-10 16:19:24,2026-07-10 16:19:49
568,10213843992355,jd,电火灶 商用,奥田美太新款家宴霸王猛火灶15KW燃气灶双灶带鼓风机大火力家用商用不锈钢台式嵌入式天然气灶台液化气灶具 液化气20Y 右15KW带鼓风机霸王猛火灶 【插电款】,1480.0,1680.0,奥田美太官方旗舰店,奥田美太,,https://item.jd.com/10213843992355.html,https://img10.360buyimg.com/n2/s480x480_jfs/t1/408039/23/7258/296079/69c1f563F73dc84e1/00835a05a079e5a3.jpg.avif,0,0,0,0,0.0,0.0,0.0,100+店铺老客浏览,2026-07-10 16:19:24,2026-07-10 16:19:49
570,10212219121852,jd,电火灶 商用,半球（PESKOE）电磁炉商用猛火灶5000W/6000W/8000W平面凹面380v大功率饭店工地食堂专用爆炒卤肉蒸煮送插头空开 【磁控款】8000W平面380V大晶板,1328.0,1378.0,,半球,,https://item.jd.com/10212219121852.html,https://img12.360buyimg.com/n2/s480x480_jfs/t1/396803/22/19954/70766/69aa57d8F3528061b/0083320320a696b0.jpg.avif,0,0,0,0,0.0,0.0,0.0,,2026-07-10 16:19:24,2026-07-10 16:19:49
572,10213794921074,jd,电火灶 商用,奥田美太新款猛火灶带鼓风机 家宴霸王灶12KW天然气液化气燃气灶具家用商用款 液化气20Y 右12KW带鼓风机霸王猛火灶 【插电款】,880.0,1080.0,奥田美太官方旗舰店,奥田美太,,https://item.jd.com/10213794921074.html,https://img14.360buyimg.com/n2/s480x480_jfs/t1/410033/29/5693/275966/69c5edf8F9a91c0b7/00835a05a0a98b49.jpg.avif,0,0,0,0,0.0,0.0,0.0,,2026-07-10 16:19:24,2026-07-10 16:20:29
574,10101011061179,jd,电火灶 商用,华火电燃灶电火灶电焰灶喷火灶猛火灶插电生火无需燃料新能源2500W灶具 幻彩蓝,2880.0,0.0,华火旗舰店,华火,,https://item.jd.com/10101011061179.html,https://img14.360buyimg.com/n2/s480x480_jfs/t1/157735/31/48174/31034/66f76b93F170cbc72/da0b0a6db7f17770.jpg.avif,75,0,0,0,100.0,0.0,0.0,75条评价100%好评,2026-07-10 16:19:24,2026-07-10 16:19:49
575,10192713265197,jd,电火灶 商用,志高商用电磁炉大功率商用电磁炉灶后厨新型电火灶饭店专用商用电炒锅凹面小炒炉酒店电炒灶 380V【工程高配款】单炒单尾40cm 15KW,2599.0,2899.0,志高美味厨房旗舰店,志高,,https://item.jd.com/10192713265197.html,https://img12.360buyimg.com/n2/s480x480_jfs/t1/346006/3/15662/144744/68f72ff9Faf6644d2/668c407ce1189864.jpg.avif,0,0,0,0,0.0,0.0,0.0,,2026-07-10 16:19:24,2026-07-10 16:19:49
576,10213794921072,jd,电火灶 商用,奥田美太新款猛火灶带鼓风机 家宴霸王灶12KW天然气液化气燃气灶具家用商用款 液化气20Y 单灶12KW鼓风机霸王猛火灶 【插电款】,580.0,780.0,奥田美太官方旗舰店,奥田美太,,https://item.jd.com/10213794921072.html,https://img12.360buyimg.com/n2/s480x480_jfs/t1/410033/29/5693/275966/69c5edf8F9a91c0b7/00835a05a0a98b49.jpg.avif,0,0,0,0,0.0,0.0,0.0,1千+人浏览,2026-07-10 16:19:24,2026-07-10 16:20:29
577,10223987176806,jd,电火灶 商用,华火2026新款电火灶双灶套装 6KW 大功率台嵌两用电燃灶 厨房商民两用猛火双头炉 墨玉黑机身 6000W U8Pro玄武黑(全新升级款台嵌两用),3860.0,4660.0,,华火,,https://item.jd.com/10223987176806.html,https://img11.360buyimg.com/n2/s480x480_jfs/t1/440358/20/13584/152966/6a18f87aFa78082a2/008332032091a273.jpg.avif,0,0,0,0,0.0,0.0,0.0,,2026-07-10 16:19:24,2026-07-10 16:21:09
578,10170153815265,jd,电火灶 商用,华火电火灶触摸式单灶3000W大功率台嵌两用电生明火灶APP蓝牙控制猛火灶电器灶具 电生明火 HH-DCQTP6,3180.0,3480.0,,华火,,https://item.jd.com/10170153815265.html,https://img10.360buyimg.com/n2/s480x480_jfs/t1/296409/31/18095/226997/69005eabFd221a0a4/3e05ef0a3622c772.jpg.avif,0,0,0,0,0.0,0.0,0.0,,2026-07-10 16:19:24,2026-07-10 16:19:49
580,10184678160037,jd,电火灶 商用,华火纯电火灶电磁炉电生明火灶电燃灶燃气灶升级款等离子直喷2500w明火家用商用灶 高雅灰-1200度三档调节（智能明火款）,2880.0,0.0,华火高端厨电旗舰店,华火,,https://item.jd.com/10184678160037.html,https://img12.360buyimg.com/n2/s480x480_jfs/t1/322885/5/15790/88281/68cbe075F1e48c9e4/77c6605a4e9e3994.jpg.avif,0,0,0,0,0.0,0.0,0.0,500+人浏览,2026-07-10 16:19:24,2026-07-10 16:19:49
582,10228226867800,jd,电火灶 商用,华火电火灶2026新款台式3000W纯电猛火灶插电即用电生火无需燃气灶新能源等离子电火焰灶 U7-金鎏灰-26新款电火灶 180天只换不修,2390.0,3390.0,,华火,,https://item.jd.com/10228226867800.html,https://img10.360buyimg.com/n2/s480x480_jfs/t1/470273/13/13127/169584/6a4e288fF2251815d/00833203206b2973.jpg.avif,0,0,0,0,0.0,0.0,0.0,,2026-07-10 16:19:24,2026-07-10 16:19:49
583,10224790228668,jd,电火灶 商用,华火2026新款电火灶双灶套装 6KW 大功率台嵌两用电燃灶 厨房商民两用猛火双头炉 墨玉黑机身 6000W MINI X1,2380.0,3180.0,,华火,,https://item.jd.com/10224790228668.html,https://img13.360buyimg.com/n2/s480x480_jfs/t1/448454/8/6243/80503/6a241b91F11c46931/00835a05a00e725f.jpg.avif,0,0,0,0,0.0,0.0,0.0,,2026-07-10 16:19:24,2026-07-10 16:19:49
522,10151854758249,jd,电燃灶,TINME德国双灶电磁炉嵌入式3500W大功率双头一电一陶电磁灶电陶炉组合2200W电炒锅火锅电炖锅镶嵌式 【3500W台嵌两用】左平电陶+右凹电磁,2498.0,0.0,品牌超级店TINME环境电器旗舰店,TINME,,https://item.jd.com/10151854758249.html,https://img14.360buyimg.com/n2/s480x480_jfs/t1/428955/20/4386/143464/69f3097fFbe3bf750/00833203208c17d9.jpg.avif,0,0,0,0,0.0,0.0,0.0,,2026-07-10 16:19:09,2026-07-10 16:19:09
460,100218087718,jd,电燃灶,尚朋堂电磁炉双灶家用嵌入式凹面电磁炉电陶炉3500W大功率进口面板纯铜线圈定时灶台式灶 03A,1898.0,2234.0,尚朋堂京东自营旗舰店,尚朋堂,,https://item.jd.com/100218087718.html,https://img13.360buyimg.com/n2/s480x480_jfs/t20280706/470445/32/12222/213891/6a4ccffcF6485cd56/0a02320320e473fb.jpg.avif,0,0,0,0,0.0,0.0,0.0,4万+人浏览,2026-07-10 16:18:57,2026-07-10 16:19:09
464,100242975940,jd,电燃灶,万和电磁炉双灶嵌入式3500W电陶炉电磁灶家用大功率火锅炉凹面灶台一平一凹不挑锅具京东自营 WZ-SZ35A 京东自营,1019.0,1199.0,大功率火锅炉|7万+人浏览|京东自营,万和,,https://item.jd.com/100242975940.html,https://img10.360buyimg.com/n2/s480x480_jfs/t20280708/473550/17/12911/207728/6a4ef2a7F4ff3a91d/0a0232032035fe4f.jpg.avif,0,0,0,0,0.0,0.0,0.0,|7万+人浏览,2026-07-10 16:18:57,2026-07-10 16:18:57
360,10210777056876,jd,电燃灶,星焰纯电生明火电火灶卡式炉户外防风稳焰防爆炉具露营家用科技新能源汽车可用节能 卡式炉,1494.0,0.0,星煜电焰旗舰店,星煜,,https://item.jd.com/10210777056876.html,https://img11.360buyimg.com/n2/s480x480_jfs/t1/470444/32/15239/1071819/6a4f7acaFe3d47bc8/0083d05d05ddb017.jpg.avif,0,0,0,0,0.0,0.0,0.0,,2026-07-10 16:18:44,2026-07-10 16:19:09
372,10214948855231,jd,电燃灶,华火电火灶电燃灶纯电明火灶无需燃料以电生明火可嵌等离子猛火灶家用公寓炒菜煤气灶燃气灶电磁炉替代 太空黑-智能保护-30股火焰头 带用电记录-送货上门,2880.0,3280.0,华火高端厨电旗舰店,华火,,https://item.jd.com/10214948855231.html,https://img11.360buyimg.com/n2/s480x480_jfs/t1/415802/3/9874/128485/69d77aadFba1b9e96/00833203203272e4.jpg.avif,0,0,0,0,0.0,0.0,0.0,,2026-07-10 16:18:44,2026-07-10 16:18:44
375,100294176140,jd,电燃灶,荣事达（Royalstar）非凡系列气电两用灶 3000W全铜火盖嵌入式,948.0,1175.0,荣事达厨卫电器京东自营旗舰店,荣事达,,https://item.jd.com/100294176140.html,https://img10.360buyimg.com/n2/s480x480_jfs/t1/462416/38/4427/173724/6a388eb9Fe81dccbb/00833203209bf29a.jpg.avif,0,0,0,0,0.0,0.0,0.0,,2026-07-10 16:18:44,2026-07-10 16:19:09
378,10221678458305,jd,电燃灶,卡曼森【不用燃煤气只用电】电火灶纯电明火灶新能源台嵌两用等离子猛火炉大功率电燃灶电陶炉组合双灶 2800W单电火灶,1599.0,2599.0,卡曼森电器旗舰店,卡曼森,,https://item.jd.com/10221678458305.html,https://img10.360buyimg.com/n2/s480x480_jfs/t1/433249/27/12632/335898/6a06bb88Fdbb77b07/00835a05a0f6c2df.jpg.avif,0,0,0,0,0.0,0.0,0.0,,2026-07-10 16:18:44,2026-07-10 16:20:29
379,10209063191644,jd,电燃灶,华火电火灶纯电26款生明火电燃灶电焰灶等离子明火灶家用公寓炒菜燃气灶煤气灶替代 无极多档调节-鎏金玉-熄火保护3kw,2398.0,0.0,华火高端厨电旗舰店,华火,,https://item.jd.com/10209063191644.html,https://img14.360buyimg.com/n2/s480x480_jfs/t1/382372/16/22256/75201/69685aa3F08b0fcff/0083320320f9c7f9.jpg.avif,0,0,0,0,0.0,0.0,0.0,,2026-07-10 16:18:44,2026-07-10 16:19:09
383,10221678458307,jd,电燃灶,卡曼森【不用燃煤气只用电】电火灶纯电明火灶新能源台嵌两用等离子猛火炉大功率电燃灶电陶炉组合双灶 5000W双电火灶,3999.0,4999.0,卡曼森电器旗舰店,卡曼森,,https://item.jd.com/10221678458307.html,https://img12.360buyimg.com/n2/s480x480_jfs/t1/433249/27/12632/335898/6a06bb88Fdbb77b07/00835a05a0f6c2df.jpg.avif,0,0,0,0,0.0,0.0,0.0,,2026-07-10 16:18:44,2026-07-10 16:21:09
384,100250977525,jd,电燃灶,老板（Robam）【行业爆款】燃气灶JZT-5B0X1天然气防爆猛火灶煤气灶双灶台煤气灶家用双灶灶具以旧换新上门安装,1570.0,2090.0,老板电器京东自营旗舰店,老板,,https://item.jd.com/100250977525.html,https://img10.360buyimg.com/n2/s480x480_jfs/t20280709/479645/17/1809/196576/6a50695dFb234be5f/0a02320320f5009c.jpg.avif,0,0,0,0,0.0,0.0,0.0,|25万+人浏览,2026-07-10 16:18:44,2026-07-10 16:19:09
388,10217127397335,jd,电燃灶,华火电火灶电燃灶纯电明火灶无需燃料以电生明火可嵌等离子猛火灶家用公寓炒菜煤气灶燃气灶电磁炉替代 果果粉-智能保护-30股火焰头 带用电记录-送货上门,2880.0,3280.0,华火高端厨电旗舰店,华火,,https://item.jd.com/10217127397335.html,https://img10.360buyimg.com/n2/s480x480_jfs/t1/419322/17/591/136689/69d9e0f7F983927d8/0083320320b0d19e.jpg.avif,0,0,0,0,0.0,0.0,0.0,|100+人浏览,2026-07-10 16:18:44,2026-07-10 16:19:09
391,10211617764722,jd,电燃灶,华火电火灶双灶6KW大功率电燃灶商民用两用猛火双头电生明火台嵌两用 尊贵墨玉黑（220V/台嵌两用） 6000W,5180.0,5780.0,华火厨电旗舰店,华火,,https://item.jd.com/10211617764722.html,https://img12.360buyimg.com/n2/s480x480_jfs/t1/395856/2/15593/184656/69a1596bFe8f23679/0083320320f0cfac.jpg.avif,0,0,0,0,0.0,0.0,0.0,,2026-07-10 16:18:44,2026-07-10 16:21:09
392,10214948855232,jd,电燃灶,华火电火灶电燃灶纯电明火灶无需燃料以电生明火可嵌等离子猛火灶家用公寓炒菜煤气灶燃气灶电磁炉替代 幻彩金-智能保护-30股火焰头 带用电记录-送货上门,2875.0,0.0,华火高端厨电旗舰店,华火,,https://item.jd.com/10214948855232.html,https://img12.360buyimg.com/n2/s480x480_jfs/t1/413276/39/21795/135256/69d77ac7F350561a1/0083320320bbb890.jpg.avif,0,0,0,0,0.0,0.0,0.0,,2026-07-10 16:18:44,2026-07-10 16:19:09
403,10224880802244,jd,电燃灶,德克士德国德克士三眼燃气灶家用天然气灶具大面板猛火灶台嵌两用煤气炉进口玻璃灶 进口肖特防爆玻璃+定时猛火,2840.0,3840.0,德克士电器旗舰店,德克士,,https://item.jd.com/10224880802244.html,https://img14.360buyimg.com/n2/s480x480_jfs/t1/441342/16/17345/188248/6a2022e5Fd48688eb/00834004005e522a.jpg.avif,0,0,0,0,0.0,0.0,0.0,,2026-07-10 16:18:44,2026-07-10 16:18:57
406,10209063191645,jd,电燃灶,华火电火灶纯电26款生明火电燃灶电焰灶等离子明火灶家用公寓炒菜燃气灶煤气灶替代 无极多档调节-曜影金-熄火保护3kw,2398.0,0.0,华火高端厨电旗舰店,华火,,https://item.jd.com/10209063191645.html,https://img10.360buyimg.com/n2/s480x480_jfs/t1/388118/19/3761/50464/69685b5aFe47be98a/0083320320c23f98.jpg.avif,0,0,0,0,0.0,0.0,0.0,,2026-07-10 16:18:44,2026-07-10 16:19:09
273,10100665910655,jd,电焰灶,华火电燃灶电生明火电火灶电焰灶家用煤气燃气灶天然气灶液化气灶台嵌两用2500W单灶 金红紫,2880.0,0.0,华火旗舰店,华火,,https://item.jd.com/10100665910655.html,https://img10.360buyimg.com/n2/s480x480_jfs/t1/104913/29/47212/31207/66f76b93Fe89f0589/8c78bccf52185112.jpg.avif,0,0,0,0,0.0,0.0,0.0,|100+店铺粉丝浏览,2026-07-10 16:18:17,2026-07-10 16:18:44
289,10210967280703,jd,电焰灶,华火电火灶组合灶双灶电燃灶电焰灶等离子明火灶电生明火灶煤气灶替代家用公寓2000w炖汤3000w爆炒26款 组合灶双灶（2000w电陶炉+3000w明火）纯电,3977.0,0.0,华火高端厨电旗舰店,华火,,https://item.jd.com/10210967280703.html,https://img13.360buyimg.com/n2/s480x480_jfs/t1/396053/2/1000/107409/6986fa30Fd41c3cd5/00833203201edd89.jpg.avif,0,0,0,0,0.0,0.0,0.0,,2026-07-10 16:18:17,2026-07-10 16:21:09
292,10174306661982,jd,电焰灶,华火电火灶新款Mini旋钮单灶3000W大功率电焰灶公寓宿舍户外神器猛火灶电器灶具 HH-MiniX1 曜影黑,2380.0,2780.0,,华火,,https://item.jd.com/10174306661982.html,https://img12.360buyimg.com/n2/s480x480_jfs/t1/343841/3/18594/254782/69005e7cF4d562c3e/807da6a89c62db24.jpg.avif,0,0,0,0,0.0,0.0,0.0,,2026-07-10 16:18:17,2026-07-10 16:20:29
189,10210913438562,jd,电焰灶,星焰以电生火电火灶卡式炉纯电户用家用猛火炉便携式户外燃气炉商用煤气灶火锅炉露营野炊装备野餐烧烤 纯电卡式炉（出明火）,1479.0,0.0,星焰旗舰店,星焰,,https://item.jd.com/10210913438562.html,https://img12.360buyimg.com/n2/s480x480_jfs/t1/390114/4/13995/133985/6985bedfF8f51517f/00833203200e2361.jpg.avif,0,0,0,0,0.0,0.0,0.0,,2026-07-10 16:18:05,2026-07-10 16:19:49
201,10216832136333,jd,电焰灶,华火电火灶以电生明火灶3000w等离子明火灶猛火灶新能源电燃灶电焰灶煤气灶燃气灶电磁炉家用升级替代 pro旗舰-智能显示-熄火保护 官方正品-送货上门,2499.0,0.0,华火高端厨电旗舰店,华火,,https://item.jd.com/10216832136333.html,https://img13.360buyimg.com/n2/s480x480_jfs/t1/456234/32/4051/55503/6a2bd4f8F9190f96f/00833203206787a8.jpg.avif,0,0,0,0,0.0,0.0,0.0,,2026-07-10 16:18:05,2026-07-10 16:18:30
203,10204685133015,jd,电焰灶,燚龙电焰灶 新能源明火单灶 电能生明火 多功能单灶 旋钮款 银色,1599.0,0.0,YILONG 燚龙电焰官方旗舰店,燚龙,,https://item.jd.com/10204685133015.html,https://img10.360buyimg.com/n2/s480x480_jfs/t1/375562/2/7929/75383/69379467F3ec6cdaa/efd3ef53ab86cd38.png.avif,0,0,0,0,0.0,0.0,0.0,,2026-07-10 16:18:05,2026-07-10 16:19:49
204,10210332329147,jd,电焰灶,华火3KW电火灶最新款电燃灶电焰灶纯电生明火大火大功率台式灶 墨玉黑（2026全新升级台式） 3000W,2399.0,2823.0,华火旗舰店,华火,,https://item.jd.com/10210332329147.html,https://img12.360buyimg.com/n2/s480x480_jfs/t1/383225/38/6863/78057/694f8e0cFd134920f/18b6844254db3cb7.jpg.avif,0,0,0,0,0.0,0.0,0.0,600+人浏览,2026-07-10 16:18:05,2026-07-10 16:21:09
207,10210778725435,jd,电焰灶,华火全新电火灶电燃灶3000W电焰灶纯电生明火大火大功率宿舍公寓简易台式灶 尊贵星空黑（全新升级台式） 3000W,2499.0,2880.0,华火厨电旗舰店,华火,,https://item.jd.com/10210778725435.html,https://img10.360buyimg.com/n2/s480x480_jfs/t1/392718/22/12915/114096/69897ceeF09694d6a/0083320320d1bbb2.jpg.avif,0,0,0,0,0.0,0.0,0.0,,2026-07-10 16:18:05,2026-07-10 16:19:09
209,10228989235414,jd,电焰灶,华火新能源26年新款u7升级款电火焰灶单灶插电即用出明火电燃灶厨房电焰灶 U7升级款 u7por带液晶显示屏+365天只换不修,2399.0,3899.0,,华火,,https://item.jd.com/10228989235414.html,https://img14.360buyimg.com/n2/s480x480_jfs/t1/471732/8/13377/221266/6a4e1d1fF80f35a0c/00835a05a0b0012e.jpg.avif,0,0,0,0,0.0,0.0,0.0,,2026-07-10 16:18:05,2026-07-10 16:19:09
215,10101011061177,jd,电焰灶,华火电燃灶电火灶电焰灶喷火灶猛火灶插电生火无需燃料新能源2500W灶具 星空黑,2880.0,0.0,华火旗舰店,华火,,https://item.jd.com/10101011061177.html,https://img12.360buyimg.com/n2/s480x480_jfs/t1/226123/34/27149/30812/66f76b96F404962d8/13f9f1e956503731.jpg.avif,0,0,0,0,0.0,0.0,0.0,400+店铺粉丝浏览,2026-07-10 16:18:05,2026-07-10 16:21:09
217,10221693331635,jd,电焰灶,卡曼森【不用燃煤气只用电】电火灶纯电明火灶新能源台嵌两用等离子猛火炉大功率电燃灶电陶炉组合双灶 5000W双电火灶*,3999.0,4999.0,卡曼森电器旗舰店,卡曼森,,https://item.jd.com/10221693331635.html,https://img10.360buyimg.com/n2/s480x480_jfs/t1/433249/27/12632/335898/6a06bb88Fdbb77b07/00835a05a0f6c2df.jpg.avif,0,0,0,0,0.0,0.0,0.0,,2026-07-10 16:18:05,2026-07-10 16:21:09
222,10210161897480,jd,电焰灶,华火电火灶2026新款U7Pro台用单灶3000W大功率电焰灶家用新型电火灶 华火U7Pro单灶 +屏显-尊贵黑,2499.0,2899.0,,华火,,https://item.jd.com/10210161897480.html,https://img10.360buyimg.com/n2/s480x480_jfs/t1/401156/33/4620/213667/69a8dcc0Ff5e09751/00835a05a07ab00f.jpg.avif,0,0,0,0,0.0,0.0,0.0,,2026-07-10 16:18:05,2026-07-10 16:18:30
226,10207228329821,jd,电焰灶,华火电火灶最新款3000W电燃灶电焰灶纯电生明火大火大功率台式灶 耀金彩（全新升级台式） 3000W,2399.0,2822.0,华火旗舰店,华火,,https://item.jd.com/10207228329821.html,https://img11.360buyimg.com/n2/s480x480_jfs/t1/380933/26/13479/76312/694f8e0bFcc920b87/6714e037ed148483.jpg.avif,0,0,0,0,0.0,0.0,0.0,,2026-07-10 16:18:05,2026-07-10 16:20:29
227,10210846502227,jd,电焰灶,华火电火灶3KW最新款电燃灶电焰灶纯电生明火大火大功率台式灶宿舍公寓 荣耀黑（全新台式） 3000W,2499.0,2898.0,华火旗舰店,华火,,https://item.jd.com/10210846502227.html,https://img12.360buyimg.com/n2/s480x480_jfs/t1/390405/10/18104/114096/6989866cF312a1236/0083320320e7330a.jpg.avif,0,0,0,0,0.0,0.0,0.0,,2026-07-10 16:18:05,2026-07-10 16:19:09
228,10224944526588,jd,电焰灶,华火电火灶2026新款电火灶家用电燃灶电焰灶纯电生明火大火大功率台式灶 尊贵黑色（全新台式） 3000w MINI X1,2380.0,2980.0,,华火,,https://item.jd.com/10224944526588.html,https://img13.360buyimg.com/n2/s480x480_jfs/t1/445067/26/14268/80503/6a241a7eF89dd67e9/00835a05a082f4aa.jpg.avif,56,0,0,0,100.0,0.0,0.0,56条评价100%好评,2026-07-10 16:18:05,2026-07-10 16:18:30
230,10208371804754,jd,电焰灶,华火新款3000瓦单灶电火焰灶家用电燃灶厨房猛火灶户外公寓电焰灶台式 墨玉黑（全新台式）全网热销 3000W,2399.0,2823.0,华火厨电旗舰店,华火,,https://item.jd.com/10208371804754.html,https://img14.360buyimg.com/n2/s480x480_jfs/t1/380444/16/14037/78057/694f6fdfFa05189d3/4bbc3903bb326770.jpg.avif,0,0,0,0,0.0,0.0,0.0,,2026-07-10 16:18:05,2026-07-10 16:18:30
231,10212111299293,jd,电焰灶,华火电火灶以电生明火灶26旗舰款带智能显示电燃灶电焰灶等离子明火灶家用公寓炒菜煤气灶燃气灶升级 U7pro旗舰款（熄火保护-智能显示-用电记录） 纯电明火灶-品质保障365天只换不修,2490.0,0.0,华火高端厨电旗舰店,华火,,https://item.jd.com/10212111299293.html,https://img13.360buyimg.com/n2/s480x480_jfs/t1/401511/23/1737/89152/69a920e4Fbe1d189d/0083320320c026e0.jpg.avif,0,0,0,0,0.0,0.0,0.0,,2026-07-10 16:18:05,2026-07-10 16:18:05
232,10140886827012,jd,电焰灶,华火电火灶电生明火2500W防水电焰灶台式电燃加热大火大功率公寓 粉红色,2880.0,3180.0,华火厨电旗舰店,华火,,https://item.jd.com/10140886827012.html,https://img12.360buyimg.com/n2/s480x480_jfs/t1/254707/27/30427/37754/67ca5e25F7f25619a/11f009dd2d5569ba.jpg.avif,66,0,0,0,100.0,0.0,0.0,66条评价100%好评,2026-07-10 16:18:05,2026-07-10 16:19:49
175,10214988190949,jd,电火灶,华火电火灶新款迷你旋钮电焰灶3000瓦大功率家用电火灶电生明火灶 电生明火 鎏金黄,2388.0,2998.0,,华火,,https://item.jd.com/10214988190949.html,https://img14.360buyimg.com/n2/s480x480_jfs/t1/413024/23/489/162530/69ca53a1F229b0f93/008332032065f6c4.jpg.avif,0,0,0,0,0.0,0.0,0.0,,2026-07-10 16:17:50,2026-07-10 16:18:30
113,10206825052522,jd,电火灶,内芙一气一电灶微晶面板新一级能效自动定时关火升级5.2KW右电陶炉款 E211CL,3579.0,4211.0,内芙官方旗舰店,内芙,,https://item.jd.com/10206825052522.html,https://img12.360buyimg.com/n2/s480x480_jfs/t1/479205/6/1727/85472/6a4fd61aF7537c815/0083320320aeab9b.jpg.avif,0,0,0,0,0.0,0.0,0.0,1千+厨卫达人浏览,2026-07-10 16:17:38,2026-07-10 16:19:36
1,10209470415667,jd,电火灶,华火电火灶新款3000W电燃灶电焰灶纯电生明火大火大功率台式灶 尊贵黑色（全新台式） 3000w,2499.0,2899.0,华火旗舰店,华火,,https://item.jd.com/10209470415667.html,https://img12.360buyimg.com/n2/s480x480_jfs/t1/390017/18/17418/112702/698985e9F2030d4c5/0083320320d3d7b3.jpg.avif,0,0,0,0,0.0,0.0,0.0,,2026-07-10 16:17:25,2026-07-10 16:20:29
2,10209813511715,jd,电火灶,星焰电火电焰灶不用燃煤气料节能猛火灶打火灶炉具3000W大功率等离子以纯电生明真火灶家用户外商两用 电燃灶（不用燃料 以电生明火）,2055.0,3255.0,星焰旗舰店,星焰,,https://item.jd.com/10209813511715.html,https://img10.360buyimg.com/n2/s480x480_jfs/t1/417023/29/19042/169443/69e078c0Fca460725/0083320320c731c4.jpg.avif,2000,100,0,0,100.0,0.0,0.0,,2026-07-10 16:17:25,2026-07-10 16:29:44
3,10133878654696,jd,电火灶,星焰【不用燃煤气只用电】电火灶纯电明火灶新能源台式灶具等离子猛火炉大功率公寓户外炉灶科技电燃灶 以电生火--猛火灶,2954.0,0.0,星煜电焰旗舰店,星煜,,https://item.jd.com/10133878654696.html,https://img11.360buyimg.com/n2/s480x480_jfs/t1/393698/28/22279/336087/69a2689dF8565ee4e/00835a05a0ebc423.jpg.avif,1000,0,0,0,0.0,0.0,0.0,,2026-07-10 16:17:25,2026-07-10 16:29:55
4,10215830517622,jd,电火灶,华火2026新款纯电生明火电火灶3000W大功率电燃灶无需燃气/煤气家用多功能电火焰灶U7Pro 华火U7Pro【电生火】带数显,2496.0,2628.0,,华火,,https://item.jd.com/10215830517622.html,https://img12.360buyimg.com/n2/s480x480_jfs/t1/458961/15/405/151129/6a2ccb20F1b7574b8/0083320320240767.jpg.avif,100,100,0,0,100.0,0.0,0.0,,2026-07-10 16:17:25,2026-07-10 16:30:06
5,10204701688923,jd,电火灶,星焰电火电焰灶不用燃煤气料节能猛火灶打火灶炉具3000W大功率等离子以纯电生明真火灶家用户外商两用 电火灶（无需燃气 节能环保）,1999.0,3299.0,星焰旗舰店,星焰,,https://item.jd.com/10204701688923.html,https://img13.360buyimg.com/n2/s480x480_jfs/t1/417023/29/19042/169443/69e078c0Fca460725/0083320320c731c4.jpg.avif,2000,100,0,0,100.0,0.0,0.0,,2026-07-10 16:17:25,2026-07-10 16:30:19
6,10218820725581,jd,电火灶,华火电火灶电生明火双灶家用6000W大功率纯电生明火无需任何燃料插电即用U10pro智能3000瓦电燃灶 电生明火HH-U7pro 3000W单灶 华火,2480.0,0.0,,华火,,https://item.jd.com/10218820725581.html,https://img11.360buyimg.com/n2/s480x480_jfs/t1/443781/12/16427/239977/6a23dca8F7f1e447c/00835a05a0f06d79.jpg.avif,100,100,0,0,100.0,0.0,0.0,,2026-07-10 16:17:25,2026-07-10 16:30:32
7,10210912933811,jd,电火灶,华火电火灶电燃灶电焰灶电陶炉组合灶家用炖煮爆炒大火力温度高台嵌两用 玄武黑（全新台嵌两用） 3500W,3980.0,4380.0,华火厨电旗舰店,华火,,https://item.jd.com/10210912933811.html,https://img11.360buyimg.com/n2/s480x480_jfs/t1/394647/6/4990/107409/6985825eF58f89047/0083320320dbb59f.jpg.avif,23,100,0,0,100.0,0.0,0.0,,2026-07-10 16:17:25,2026-07-10 16:30:43
8,10224944526587,jd,电火灶,华火电火灶2026新款电火灶家用电燃灶电焰灶纯电生明火大火大功率台式灶 尊贵黑色（全新台式） 3000w U7基础款,2279.0,2879.0,,华火,,https://item.jd.com/10224944526587.html,https://img12.360buyimg.com/n2/s480x480_jfs/t1/447877/35/7527/219569/6a241a06Ff4f9d660/00835a05a03250f7.jpg.avif,56,100,0,0,100.0,0.0,0.0,56条评价100%好评,2026-07-10 16:17:25,2026-07-10 16:30:57
9,10211605530314,jd,电火灶,星焰电火电焰灶猛火炉电生明火不用燃煤气灶电磁炉纯电生火灶天然气灶3000W单灶省电节能 电火灶无需燃气,2008.0,2978.0,星焰旗舰店,星焰,,https://item.jd.com/10211605530314.html,https://img14.360buyimg.com/n2/s480x480_jfs/t1/393392/40/22300/150030/69a14738Ffc534463/00833203206cb491.jpg.avif,1000,15,0,0,100.0,0.0,0.0,,2026-07-10 16:17:25,2026-07-10 16:31:09
10,10212109266934,jd,电火灶,华火U7升级款 电火焰灶 台式防爆玻璃 3000W大火力 插电出明火 30分钟自动熄火 可视显示屏 u7por——365天只换不修,2495.0,4895.0,,华火,,https://item.jd.com/10212109266934.html,https://img14.360buyimg.com/n2/s480x480_jfs/t1/428454/2/788/121476/69ef0fc2F7155c935/0083320320308952.jpg.avif,37,100,0,0,100.0,0.0,0.0,,2026-07-10 16:17:25,2026-07-10 16:31:23
11,10209467191245,jd,电火灶,华火3000瓦新款电火灶电焰灶家用电燃灶厨房猛火灶户外公寓灶台式 全新升级款单灶 3000W,2499.0,2899.0,华火厨电旗舰店,华火,,https://item.jd.com/10209467191245.html,https://img10.360buyimg.com/n2/s480x480_jfs/t1/392525/20/13141/112702/69897bf3F3b6d7331/00833203209b7e63.jpg.avif,14,100,0,0,100.0,0.0,0.0,,2026-07-10 16:17:25,2026-07-10 16:31:35
12,10220526483036,jd,电火灶,卡曼森【不用燃煤气只用电】电火灶纯电明火灶新能源台嵌两用等离子猛火炉大功率公寓户外炉灶科技电燃灶 2800瓦电生火电焰灶单灶,1599.0,2599.0,卡曼森电器旗舰店,卡曼森,,https://item.jd.com/10220526483036.html,https://img11.360buyimg.com/n2/s480x480_jfs/t1/436615/22/3901/324743/6a06b90dF77aa882b/00835a05a0c1c87f.jpg.avif,100,100,0,0,100.0,0.0,0.0,,2026-07-10 16:17:25,2026-07-10 16:31:47
13,10175585578586,jd,电火灶,星焰灶插电生明火3000W纯电燃灶新能源台式单灶具 电火灶电生明火大功率公寓家用单灶电焰灶猛火电燃灶 电焰灶 电焰灶,2799.0,0.0,星煜电焰旗舰店,星煜,,https://item.jd.com/10175585578586.html,https://img11.360buyimg.com/n2/s480x480_jfs/t1/394864/12/1439/150242/69806650Fb33a90db/0083320320c27095.jpg.avif,500,100,0,0,100.0,0.0,0.0,,2026-07-10 16:17:25,2026-07-10 16:31:59
14,10216473779863,jd,电火灶,华火新能源电火灶电生明火家用单灶kw大功率替代煤气灶燃气灶1300°高温爆炒猛火灶 电火灶-180天只换不修,2480.0,3280.0,,华火,,https://item.jd.com/10216473779863.html,https://img13.360buyimg.com/n2/s480x480_jfs/t1/462515/28/3648/181397/6a389533F60c6b741/008332032092d812.jpg.avif,20,100,0,0,100.0,0.0,0.0,,2026-07-10 16:17:25,2026-07-10 16:32:10
15,10215830517621,jd,电火灶,华火2026新款纯电生明火电火灶3000W大功率电燃灶无需燃气/煤气家用多功能电火焰灶U7Pro 华火U7【电生火】无数显,2394.0,2520.0,,华火,,https://item.jd.com/10215830517621.html,https://img11.360buyimg.com/n2/s480x480_jfs/t1/458961/15/405/151129/6a2ccb20F1b7574b8/0083320320240767.jpg.avif,100,100,0,0,100.0,0.0,0.0,,2026-07-10 16:17:25,2026-07-10 16:32:21
16,10224944526585,jd,电火灶,华火电火灶2026新款电火灶家用电燃灶电焰灶纯电生明火大火大功率台式灶 尊贵黑色（全新台式） 3000w U7PRO（带显示屏和熄火保护）,2379.0,2979.0,,华火,,https://item.jd.com/10224944526585.html,https://img10.360buyimg.com/n2/s480x480_jfs/t1/443526/6/15364/221266/6a2419cfF3431b8dc/00835a05a06e93e9.jpg.avif,56,100,0,0,100.0,0.0,0.0,56条评价100%好评,2026-07-10 16:17:25,2026-07-10 16:32:34
17,10209453821199,jd,电火灶,华火新能源26年新款u7升级款电火焰灶单灶插电即用出明火电燃灶厨房电焰灶 u7升级款 u7por带液晶显示屏+365天只换不修,2496.0,3996.0,,华火,,https://item.jd.com/10209453821199.html,https://img14.360buyimg.com/n2/s480x480_jfs/t1/465493/24/10919/322166/6a43185dF2f3d8403/00835a05a0a2b16b.jpg.avif,59,0,0,0,0.0,0.0,0.0,,2026-07-10 16:17:25,2026-07-10 16:32:47
18,10140886729208,jd,电火灶,华火电火灶电生明火2500W防水电焰灶台式电燃加热大火大功率公寓 星空黑,2880.0,3180.0,华火厨电旗舰店,华火,,https://item.jd.com/10140886729208.html,https://img13.360buyimg.com/n2/s480x480_jfs/t1/262092/37/29400/32198/67ca5e22F4a671e3c/9ebe5e91fbe2a441.jpg.avif,66,1,0,0,100.0,0.0,0.0,66条评价1200+人种草,2026-07-10 16:17:25,2026-07-10 16:32:59
19,10220526483037,jd,电火灶,卡曼森【不用燃煤气只用电】电火灶纯电明火灶新能源台嵌两用等离子猛火炉大功率公寓户外炉灶科技电燃灶 5000瓦电生火电陶炉电焰灶组合,2999.0,3999.0,卡曼森电器旗舰店,卡曼森,,https://item.jd.com/10220526483037.html,https://img12.360buyimg.com/n2/s480x480_jfs/t1/436615/22/3901/324743/6a06b90dF77aa882b/00835a05a0c1c87f.jpg.avif,100,100,0,0,100.0,0.0,0.0,,2026-07-10 16:17:25,2026-07-10 16:33:11
20,10211600133228,jd,电火灶,华火电火灶电燃灶电焰灶电陶炉组合灶家用炖煮爆炒大火力温度高3500W 玄武黑(全新升级款台嵌两用) 3500W,3980.0,4390.0,华火旗舰店,华火,,https://item.jd.com/10211600133228.html,https://img13.360buyimg.com/n2/s480x480_jfs/t1/388841/39/20941/144726/698593e3F3dfee994/0083320320178109.jpg.avif,100,100,0,0,100.0,0.0,0.0,,2026-07-10 16:17:25,2026-07-10 16:33:24
21,10218820725578,jd,电火灶,华火电火灶电生明火双灶家用6000W大功率纯电生明火无需任何燃料插电即用U10pro智能3000瓦电燃灶 电生明火HH-U10pro 6000W双灶 华火,5180.0,0.0,,华火,,https://item.jd.com/10218820725578.html,https://img13.360buyimg.com/n2/s480x480_jfs/t1/447230/38/7360/215146/6a23dca9F36a85a02/00835a05a0a7fb04.jpg.avif,100,100,0,0,100.0,0.0,0.0,,2026-07-10 16:17:25,2026-07-10 16:33:36
22,10221693096724,jd,电火灶,卡曼森【不用燃煤气只用电】电火灶纯电明火灶新能源台嵌两用等离子猛火炉大功率公寓户外炉灶科技电燃灶 5000瓦双电火灶*,3999.0,4999.0,卡曼森电器旗舰店,卡曼森,,https://item.jd.com/10221693096724.html,https://img14.360buyimg.com/n2/s480x480_jfs/t1/436615/22/3901/324743/6a06b90dF77aa882b/00835a05a0c1c87f.jpg.avif,100,100,0,0,100.0,0.0,0.0,,2026-07-10 16:17:25,2026-07-10 16:33:47
23,10109480106154,jd,电火灶,华火单灶3000W电磁炉电火灶电燃灶电焰灶家用猛火炒菜 旋钮款3000W,3180.0,0.0,华火旗舰店,华火,,https://item.jd.com/10109480106154.html,https://img14.360buyimg.com/n2/s480x480_jfs/t1/365617/28/6268/140004/69294255F963c69b5/8354e9aa3f70e1d4.jpg.avif,53,0,0,0,0.0,0.0,0.0,53条评价300+人种草,2026-07-10 16:17:25,2026-07-10 16:34:02
24,10155993805124,jd,电火灶,华火3000W电火灶电燃灶电焰灶家用公寓猛火轻便旋钮式台式宿舍家 曜影黑 3000W,2499.0,3299.0,华火厨电旗舰店,华火,,https://item.jd.com/10155993805124.html,https://img14.360buyimg.com/n2/s480x480_jfs/t1/417537/8/14906/156869/69e0886cF4119f9a6/0083320320bd5d48.jpg.avif,17,100,0,0,100.0,0.0,0.0,,2026-07-10 16:17:25,2026-07-10 16:34:17
25,10213067137315,jd,电火灶,华火新能源双喷火灶插电出明火灶家用电火灶厨房电燃灶商用电焰灶 u10pro 嵌入款-180天只换不修,5175.0,7180.0,,华火,,https://item.jd.com/10213067137315.html,https://img10.360buyimg.com/n2/s480x480_jfs/t1/475050/36/6416/309873/6a4c5655Fdea1bac1/00835a05a0f66763.jpg.avif,31,1,0,0,0.0,0.0,0.0,,2026-07-10 16:17:25,2026-07-10 16:34:28
26,10221682914392,jd,电火灶,卡曼森【不用燃煤气只用电】电火灶纯电明火灶新能源台嵌两用等离子猛火炉大功率公寓户外炉灶科技电燃灶 5000瓦双电火灶,3999.0,4999.0,卡曼森电器旗舰店,卡曼森,,https://item.jd.com/10221682914392.html,https://img12.360buyimg.com/n2/s480x480_jfs/t1/436615/22/3901/324743/6a06b90dF77aa882b/00835a05a0c1c87f.jpg.avif,100,100,0,0,100.0,0.0,0.0,,2026-07-10 16:17:25,2026-07-10 16:34:41
27,10207641799489,jd,电火灶,星焰电火灶电焰灶不用燃气电磁炉智能家用猛火炒菜新能源3000W大功率猛火灶节能家用灶电生明火真火 电火灶（纯电生明火）,2709.0,2979.0,星焰旗舰店,星焰,,https://item.jd.com/10207641799489.html,https://img14.360buyimg.com/n2/s480x480_jfs/t1/458072/29/18862/230200/6a3f7549Fc7596474/00835a05a08d9a0f.jpg.avif,500,5,0,0,100.0,0.0,0.0,,2026-07-10 16:17:25,2026-07-10 16:34:54
28,10193614699785,jd,电火灶,国爱家用安全电火灶电生明火2500W猛火焰电燃灶嵌入式台式灶单灶 三代单灶（不挑锅具/可颠锅）,3200.0,3900.0,GOAI 国爱官方旗舰店,国爱,,https://item.jd.com/10193614699785.html,https://img10.360buyimg.com/n2/s480x480_jfs/t1/347840/7/15565/82220/68f98de0F64541ba0/ff1a60459a5bb05b.jpg.avif,25,100,0,0,100.0,0.0,0.0,,2026-07-10 16:17:25,2026-07-10 16:35:05
29,10214948855237,jd,电火灶,华火电火灶电燃灶纯电明火灶无需燃料以电生明火可嵌等离子猛火灶家用公寓炒菜煤气灶燃气灶电磁炉替代 天空蓝-智能保护-30股火焰头 带用电记录-送货上门,2880.0,3280.0,华火高端厨电旗舰店,华火,,https://item.jd.com/10214948855237.html,https://img12.360buyimg.com/n2/s480x480_jfs/t1/416304/17/7084/123372/69d77c8aFc4722b47/0083320320de991c.jpg.avif,8,100,0,0,100.0,0.0,0.0,,2026-07-10 16:17:25,2026-07-10 16:35:19
30,10218820725579,jd,电火灶,华火电火灶电生明火双灶家用6000W大功率纯电生明火无需任何燃料插电即用U10pro智能3000瓦电燃灶 电生明火HH-U9pro 6000W双灶 华火,4980.0,0.0,,华火,,https://item.jd.com/10218820725579.html,https://img14.360buyimg.com/n2/s480x480_jfs/t1/450738/33/5665/241205/6a23dca6Fc5c061f5/00835a05a024ff23.jpg.avif,100,100,0,0,100.0,0.0,0.0,,2026-07-10 16:17:25,2026-07-10 16:35:32
31,10140886800148,jd,电火灶,华火电火灶单灶3000W电磁炉台嵌两用喷火电燃灶电焰灶家用猛火炒菜 黑色,3180.0,3210.0,华火厨电旗舰店,华火,,https://item.jd.com/10140886800148.html,https://img13.360buyimg.com/n2/s480x480_jfs/t1/357441/9/18020/140004/69290c6bFf52eae3e/2c50f495e37a71b5.jpg.avif,20,100,0,0,100.0,0.0,0.0,,2026-07-10 16:17:25,2026-07-10 16:35:47
32,10209902095484,jd,电火灶,华火电火灶纯电明火灶2026新款电燃灶电焰灶电磁炉升级等离子明火灶家用公寓猛火炒菜燃气灶煤气灶替代 钛空黑-熄火保护（智能显示）旗舰款 售后保障,2485.0,0.0,华火高端厨电旗舰店,华火,,https://item.jd.com/10209902095484.html,https://img14.360buyimg.com/n2/s480x480_jfs/t1/392613/2/1974/146508/697425d9Facc64e22/0083320320d413be.jpg.avif,20,100,0,0,100.0,0.0,0.0,,2026-07-10 16:17:25,2026-07-10 16:35:58
33,10100665910656,jd,电火灶,华火电燃灶电生明火电火灶电焰灶家用煤气燃气灶天然气灶液化气灶台嵌两用2500W单灶 幻彩蓝,2880.0,0.0,华火旗舰店,华火,,https://item.jd.com/10100665910656.html,https://img11.360buyimg.com/n2/s480x480_jfs/t1/157735/31/48174/31034/66f76b93F170cbc72/da0b0a6db7f17770.jpg.avif,0,0,0,0,0.0,0.0,0.0,|1千+厨卫达人浏览,2026-07-10 16:17:25,2026-07-10 16:19:09
34,10210282425963,jd,电火灶,华火U7pro电火灶等离子电焰灶电生明火2026款新型大功率猛火灶家用户外公寓新能源无需燃气 U7pro墨玉黑 3000W （2026新款台式）,2433.0,2699.0,,华火,,https://item.jd.com/10210282425963.html,https://img13.360buyimg.com/n2/s480x480_jfs/t1/460934/22/8689/103945/6a3b399eFc4703b9b/00833203202a1a15.jpg.avif,0,0,0,0,0.0,0.0,0.0,,2026-07-10 16:17:25,2026-07-10 16:18:30
35,10214988190954,jd,电火灶,华火电火灶新款迷你旋钮电焰灶3000瓦大功率家用电火灶电生明火灶 电生明火 耀影黑,2388.0,2998.0,,华火,,https://item.jd.com/10214988190954.html,https://img14.360buyimg.com/n2/s480x480_jfs/t1/413024/23/489/162530/69ca53a1F229b0f93/008332032065f6c4.jpg.avif,0,0,0,0,0.0,0.0,0.0,,2026-07-10 16:17:25,2026-07-10 16:20:29
36,10218820725580,jd,电火灶,华火电火灶电生明火双灶家用6000W大功率纯电生明火无需任何燃料插电即用U10pro智能3000瓦电燃灶 电生明火HH-U8pro 350瓦组合灶 华火,3980.0,0.0,,华火,,https://item.jd.com/10218820725580.html,https://img10.360buyimg.com/n2/s480x480_jfs/t1/446929/17/7378/212200/6a23dca4F17439f8e/00835a05a023de02.jpg.avif,0,0,0,0,0.0,0.0,0.0,,2026-07-10 16:17:25,2026-07-10 16:21:09
37,10211197792438,jd,电火灶,华火电火灶双灶6KW大功率电燃灶酒店餐厅厨房商用猛火双头炉灶新款台式 墨玉黑（台式220V>4平方线） 6000W,4980.0,5380.0,华火旗舰店,华火,,https://item.jd.com/10211197792438.html,https://img13.360buyimg.com/n2/s480x480_jfs/t1/395492/36/6557/161731/698d7a25Faa595471/0083320320aaf520.jpg.avif,0,0,0,0,0.0,0.0,0.0,900+厨卫达人浏览,2026-07-10 16:17:25,2026-07-10 16:21:09
38,10207228329823,jd,电火灶,华火电火灶最新款3000W电燃灶电焰灶纯电生明火大火大功率台式灶 墨玉黑（全新升级台式） 3000W,2399.0,2822.0,华火旗舰店,华火,,https://item.jd.com/10207228329823.html,https://img13.360buyimg.com/n2/s480x480_jfs/t1/383225/38/6863/78057/694f8e0cFd134920f/18b6844254db3cb7.jpg.avif,0,0,0,0,0.0,0.0,0.0,,2026-07-10 16:17:25,2026-07-10 16:20:29
39,10214988190947,jd,电火灶,华火电火灶新款迷你旋钮电焰灶3000瓦大功率家用电火灶电生明火灶 电生明火 苍穹蓝,2388.0,2998.0,,华火,,https://item.jd.com/10214988190947.html,https://img12.360buyimg.com/n2/s480x480_jfs/t1/413024/23/489/162530/69ca53a1F229b0f93/008332032065f6c4.jpg.avif,500,0,0,0,100.0,0.0,0.0,,2026-07-10 16:17:25,2026-07-10 17:24:54
40,10125961876732,jd,电火灶,华火单灶3000W电磁炉电火灶电燃灶电焰灶家用猛火炒菜触摸式APP蓝牙操控 3KW触摸款（APP蓝牙远程操控）,3480.0,0.0,华火旗舰店,华火,,https://item.jd.com/10125961876732.html,https://img12.360buyimg.com/n2/s480x480_jfs/t1/366157/19/5711/131176/692941dbF190d2f77/db82d104beb9a094.jpg.avif,18,0,0,0,100.0,0.0,0.0,,2026-07-10 16:17:25,2026-07-10 17:25:03
41,10223764009963,jd,电火灶,华火电火灶2026新款大功率电火灶家用 台式旋钮款 纯电明火 家用租房宿舍通用 华火U7Pro单灶+屏显-尊贵黑,2379.0,2899.0,,华火,,https://item.jd.com/10223764009963.html,https://img13.360buyimg.com/n2/s480x480_jfs/t1/441135/32/10196/294443/6a180fb5F61065ee2/0083400400ae4c6d.jpg.avif,0,0,0,0,0.0,0.0,0.0,,2026-07-10 16:17:25,2026-07-10 16:19:09
42,10215906877147,jd,电火灶,华火2026新款等离子电火灶2500W大功率家用电焰灶无需燃气煤气 30股火焰头可台式可嵌入灶具DQ20Pro 【星空黑】-30股火焰头-功率小火力大,2848.0,2998.0,,华火,,https://item.jd.com/10215906877147.html,https://img12.360buyimg.com/n2/s480x480_jfs/t1/455955/17/16720/220842/6a3b3a53F4c3d35ca/008340040036039f.png.avif,100,0,0,0,100.0,0.0,0.0,,2026-07-10 16:17:25,2026-07-10 17:25:37
43,10213568321534,jd,电火灶,华火电火灶2026新款纯电明火灶等离子电火炉灶家用3000W不用煤气只用电 升级旗舰款（熄火保护-智能显示-用电记录 ） 质保365天只换不修-十年售后维护,2499.0,0.0,,华火,,https://item.jd.com/10213568321534.html,https://img14.360buyimg.com/n2/s480x480_jfs/t1/399588/4/2705/311179/699fe052F13c6ed85/00835dc5dcae7976.jpg.avif,30,0,0,0,100.0,0.0,0.0,,2026-07-10 16:17:25,2026-07-10 17:25:57
44,10207228329820,jd,电火灶,华火电火灶最新款3000W电燃灶电焰灶纯电生明火大火大功率台式灶 鎏金玉（全新升级台式） 3000W,2399.0,2822.0,华火旗舰店,华火,,https://item.jd.com/10207228329820.html,https://img10.360buyimg.com/n2/s480x480_jfs/t1/381639/13/8969/75781/694f8e0dF565a9d8d/6bd120157d3056e6.jpg.avif,10,0,0,0,0.0,0.0,0.0,|2千+人浏览,2026-07-10 16:17:25,2026-07-10 17:26:15
45,10204685133014,jd,电火灶,燚龙电焰灶 新能源明火单灶 电能生明火 多功能单灶 旋钮款 黑色,1599.0,0.0,YILONG 燚龙电焰官方旗舰店,燚龙,,https://item.jd.com/10204685133014.html,https://img14.360buyimg.com/n2/s480x480_jfs/t1/375562/2/7929/75383/69379467F3ec6cdaa/efd3ef53ab86cd38.png.avif,7,0,0,0,100.0,0.0,0.0,,2026-07-10 16:17:25,2026-07-10 17:26:26
46,10214988190951,jd,电火灶,华火电火灶新款迷你旋钮电焰灶3000瓦大功率家用电火灶电生明火灶 电生明火 太极黑,2388.0,2998.0,,华火,,https://item.jd.com/10214988190951.html,https://img11.360buyimg.com/n2/s480x480_jfs/t1/413024/23/489/162530/69ca53a1F229b0f93/008332032065f6c4.jpg.avif,500,0,0,0,100.0,0.0,0.0,,2026-07-10 16:17:25,2026-07-10 17:26:41
47,10129169456381,jd,电火灶,国爱电火灶电生明火家用2026新款插电电燃灶电焰灶2500W大功率不挑锅 黑色 480*350*170mm,2596.0,0.0,,国爱,,https://item.jd.com/10129169456381.html,https://img11.360buyimg.com/n2/s480x480_jfs/t1/261440/22/25123/76956/67bf3b41Fdfa850bb/ff0fac1c94e9d74d.jpg.avif,11,0,0,0,100.0,0.0,0.0,,2026-07-10 16:17:25,2026-07-10 17:26:57
48,10228206539432,jd,电火灶,红日（RedSun）超一级能效75%高热效率免改孔定时聚能猛火红外灶具 超一级节能75%高热效率定时红外灶 DZ5 液化气,1199.0,1499.0,,红日,,https://item.jd.com/10228206539432.html,https://img12.360buyimg.com/n2/s480x480_jfs/t1/470597/29/5224/215277/6a462118Fd0784e56/0083320320fbe756.jpg.avif,0,0,0,0,0.0,0.0,0.0,,2026-07-10 16:17:25,2026-07-10 16:17:50
49,10183942708581,jd,电火灶,华火电焰2025新型电火灶插电生明火3000W纯电燃灶新能源台式具家用公寓明火大功率等离不用煤气只用电 HH-MiniX1 钛空灰 华火,2380.0,0.0,,华火,,https://item.jd.com/10183942708581.html,https://img11.360buyimg.com/n2/s480x480_jfs/t1/343761/15/3736/63127/68c8d59eFf345ce2f/a3193beff72dfe8f.jpg.avif,13,0,0,0,100.0,0.0,0.0,,2026-07-10 16:17:25,2026-07-10 17:27:32
50,10214988190950,jd,电火灶,华火电火灶新款迷你旋钮电焰灶3000瓦大功率家用电火灶电生明火灶 电生明火 松影绿,2388.0,2998.0,,华火,,https://item.jd.com/10214988190950.html,https://img10.360buyimg.com/n2/s480x480_jfs/t1/413024/23/489/162530/69ca53a1F229b0f93/008332032065f6c4.jpg.avif,0,0,0,0,0.0,0.0,0.0,,2026-07-10 16:17:25,2026-07-10 16:19:09
51,10100665910654,jd,电火灶,华火电燃灶电生明火电火灶电焰灶家用煤气燃气灶天然气灶液化气灶台嵌两用2500W单灶 星空黑,2880.0,0.0,华火旗舰店,华火,,https://item.jd.com/10100665910654.html,https://img14.360buyimg.com/n2/s480x480_jfs/t1/226123/34/27149/30812/66f76b96F404962d8/13f9f1e956503731.jpg.avif,0,0,0,0,0.0,0.0,0.0,,2026-07-10 16:17:25,2026-07-10 16:20:29
52,10211601936303,jd,电火灶,华火电火灶双灶6KW大功率台嵌两用电燃灶厨房商民两用猛火双头炉灶新款 尊贵黑（台嵌两用220V） 6000W,5180.0,5780.0,华火旗舰店,华火,,https://item.jd.com/10211601936303.html,https://img13.360buyimg.com/n2/s480x480_jfs/t1/398621/31/4849/184656/69a13b94F962ee2d9/0083320320ca8872.jpg.avif,0,0,0,0,0.0,0.0,0.0,|700+厨卫达人浏览,2026-07-10 16:17:25,2026-07-10 16:21:09
53,10221678458306,jd,电火灶,卡曼森【不用燃煤气只用电】电火灶纯电明火灶新能源台嵌两用等离子猛火炉大功率电燃灶电陶炉组合双灶 5000W电火灶电陶炉组合,2999.0,3999.0,卡曼森电器旗舰店,卡曼森,,https://item.jd.com/10221678458306.html,https://img11.360buyimg.com/n2/s480x480_jfs/t1/433249/27/12632/335898/6a06bb88Fdbb77b07/00835a05a0f6c2df.jpg.avif,0,0,0,0,0.0,0.0,0.0,,2026-07-10 16:17:25,2026-07-10 16:21:09
54,10214988190948,jd,电火灶,华火电火灶新款迷你旋钮电焰灶3000瓦大功率家用电火灶电生明火灶 电生明火 幻影紫,2388.0,2998.0,,华火,,https://item.jd.com/10214988190948.html,https://img13.360buyimg.com/n2/s480x480_jfs/t1/413024/23/489/162530/69ca53a1F229b0f93/008332032065f6c4.jpg.avif,0,0,0,0,0.0,0.0,0.0,,2026-07-10 16:17:25,2026-07-10 16:18:30
55,10184986102125,jd,电火灶,华火电火灶电然灶纯电生火电陶炉电焰灶家用煤气燃气灶天然气灶液化气替换灶3000W单灶 曜影黑-熄火保护,2331.0,0.0,华火高端厨电旗舰店,华火,,https://item.jd.com/10184986102125.html,https://img10.360buyimg.com/n2/s480x480_jfs/t1/243387/38/35747/56755/68f347f3F0278100a/c04ec9b103292a43.jpg.avif,0,0,0,0,0.0,0.0,0.0,,2026-07-10 16:17:25,2026-07-10 16:19:09
56,10215906877154,jd,电火灶,华火2026新款等离子电火灶2500W大功率家用电焰灶无需燃气煤气 30股火焰头可台式可嵌入灶具DQ20Pro DQ20pro-可台可嵌【银灰】,2848.0,2998.0,,华火,,https://item.jd.com/10215906877154.html,https://img14.360buyimg.com/n2/s480x480_jfs/t1/422588/14/14684/178700/69eacc6cF71c3cff3/008332032076544b.jpg.avif,0,0,0,0,0.0,0.0,0.0,,2026-07-10 16:17:25,2026-07-10 16:20:29
57,10208371804752,jd,电火灶,华火新款3000瓦单灶电火焰灶家用电燃灶厨房猛火灶户外公寓电焰灶台式 耀金彩（全新台式） 3000W,2399.0,2823.0,华火厨电旗舰店,华火,,https://item.jd.com/10208371804752.html,https://img12.360buyimg.com/n2/s480x480_jfs/t1/376626/34/22647/76312/694f6fdeF11de29fc/63b06bdb370849b9.jpg.avif,0,0,0,0,0.0,0.0,0.0,,2026-07-10 16:17:25,2026-07-10 16:19:09
58,10215916660789,jd,电火灶,华火纯电生明火灶3000W大功率1300度猛火无需燃气煤气家用可台可嵌入电火灶P50pro 台嵌两用-旋钮款【赠锅+电饭煲】,3179.0,3347.0,,华火,,https://item.jd.com/10215916660789.html,https://img14.360buyimg.com/n2/s480x480_jfs/t1/440435/40/16137/300352/6a1aa382F1db2e30a/00835a05a03a8438.jpg.avif,0,0,0,0,0.0,0.0,0.0,,2026-07-10 16:17:25,2026-07-10 16:21:09
